{
  "metadata": {
    "task_id": "task_039",
    "timestamp": "2026-07-07T12:06:48.840015",
    "num_predictions": 1000,
    "num_classes": 10,
    "class_names": [
      "0",
      "1",
      "2",
      "3",
      "4",
      "5",
      "6",
      "7",
      "8",
      "9"
    ]
  },
  "confusion_matrix": [
    [
      88,
      9,
      0,
      0,
      0,
      0,
      0,
      0,
      0,
      0
    ],
    [
      0,
      94,
      2,
      0,
      0,
      0,
      0,
      0,
      0,
      0
    ],
    [
      0,
      0,
      103,
      7,
      0,
      0,
      0,
      0,
      0,
      0
    ],
    [
      0,
      0,
      0,
      96,
      5,
      0,
      0,
      0,
      0,
      0
    ],
    [
      0,
      0,
      0,
      0,
      98,
      4,
      0,
      0,
      0,
      0
    ],
    [
      0,
      0,
      0,
      0,
      0,
      95,
      8,
      0,
      0,
      0
    ],
    [
      0,
      0,
      0,
      0,
      0,
      0,
      91,
      3,
      0,
      0
    ],
    [
      0,
      0,
      0,
      0,
      0,
      0,
      0,
      89,
      7,
      0
    ],
    [
      0,
      0,
      0,
      0,
      0,
      0,
      0,
      0,
      105,
      3
    ],
    [
      2,
      0,
      0,
      0,
      0,
      0,
      0,
      0,
      0,
      91
    ]
  ],
  "classification_metrics": {
    "accuracy": 0.95,
    "per_class_metrics": {
      "0": {
        "precision": 0.9777777777777777,
        "recall": 0.9072164948453608,
        "f1-score": 0.9411764705882353,
        "support": 97.0
      },
      "1": {
        "precision": 0.912621359223301,
        "recall": 0.9791666666666666,
        "f1-score": 0.9447236180904522,
        "support": 96.0
      },
      "2": {
        "precision": 0.9809523809523809,
        "recall": 0.9363636363636364,
        "f1-score": 0.958139534883721,
        "support": 110.0
      },
      "3": {
        "precision": 0.9320388349514563,
        "recall": 0.9504950495049505,
        "f1-score": 0.9411764705882353,
        "support": 101.0
      },
      "4": {
        "precision": 0.9514563106796117,
        "recall": 0.9607843137254902,
        "f1-score": 0.9560975609756097,
        "support": 102.0
      },
      "5": {
        "precision": 0.9595959595959596,
        "recall": 0.9223300970873787,
        "f1-score": 0.9405940594059405,
        "support": 103.0
      },
      "6": {
        "precision": 0.9191919191919192,
        "recall": 0.9680851063829787,
        "f1-score": 0.9430051813471503,
        "support": 94.0
      },
      "7": {
        "precision": 0.967391304347826,
        "recall": 0.9270833333333334,
        "f1-score": 0.9468085106382979,
        "support": 96.0
      },
      "8": {
        "precision": 0.9375,
        "recall": 0.9722222222222222,
        "f1-score": 0.9545454545454546,
        "support": 108.0
      },
      "9": {
        "precision": 0.9680851063829787,
        "recall": 0.978494623655914,
        "f1-score": 0.9732620320855615,
        "support": 93.0
      },
      "accuracy": 0.95,
      "macro avg": {
        "precision": 0.9506610953103213,
        "recall": 0.9502241543787932,
        "f1-score": 0.9499528893148659,
        "support": 1000.0
      },
      "weighted avg": {
        "precision": 0.9509392272074932,
        "recall": 0.95,
        "f1-score": 0.9499852788314624,
        "support": 1000.0
      }
    },
    "num_predictions": 1000
  },
  "privacy_validation": {
    "timestamp": "2026-07-07T12:06:48.840015",
    "task_id": "task_039",
    "privacy_mechanisms": {
      "ndd_fe_encrypted": true,
      "gradient_compression_active": true,
      "aggregator_key_secured": true,
      "data_leakage_risk": "MEDIUM"
    },
    "privacy_metrics": {
      "gradients_encrypted": true,
      "encryption_algorithm": "NDD-FE",
      "gradient_compression_ratio": 0.15,
      "bandwidth_reduction": 85,
      "key_derivation_method": "deterministic_hash"
    }
  },
  "per_class_analysis": [
    {
      "class": "0",
      "class_index": 0,
      "true_positives": 88,
      "false_positives": 2,
      "false_negatives": 9,
      "true_negatives": 901,
      "precision": 0.9777777777777777,
      "recall": 0.9072164948453608,
      "f1_score": 0.9411764705882353
    },
    {
      "class": "1",
      "class_index": 1,
      "true_positives": 94,
      "false_positives": 9,
      "false_negatives": 2,
      "true_negatives": 895,
      "precision": 0.912621359223301,
      "recall": 0.9791666666666666,
      "f1_score": 0.9447236180904522
    },
    {
      "class": "2",
      "class_index": 2,
      "true_positives": 103,
      "false_positives": 2,
      "false_negatives": 7,
      "true_negatives": 888,
      "precision": 0.9809523809523809,
      "recall": 0.9363636363636364,
      "f1_score": 0.958139534883721
    },
    {
      "class": "3",
      "class_index": 3,
      "true_positives": 96,
      "false_positives": 7,
      "false_negatives": 5,
      "true_negatives": 892,
      "precision": 0.9320388349514563,
      "recall": 0.9504950495049505,
      "f1_score": 0.9411764705882353
    },
    {
      "class": "4",
      "class_index": 4,
      "true_positives": 98,
      "false_positives": 5,
      "false_negatives": 4,
      "true_negatives": 893,
      "precision": 0.9514563106796117,
      "recall": 0.9607843137254902,
      "f1_score": 0.9560975609756097
    },
    {
      "class": "5",
      "class_index": 5,
      "true_positives": 95,
      "false_positives": 4,
      "false_negatives": 8,
      "true_negatives": 893,
      "precision": 0.9595959595959596,
      "recall": 0.9223300970873787,
      "f1_score": 0.9405940594059405
    },
    {
      "class": "6",
      "class_index": 6,
      "true_positives": 91,
      "false_positives": 8,
      "false_negatives": 3,
      "true_negatives": 898,
      "precision": 0.9191919191919192,
      "recall": 0.9680851063829787,
      "f1_score": 0.9430051813471503
    },
    {
      "class": "7",
      "class_index": 7,
      "true_positives": 89,
      "false_positives": 3,
      "false_negatives": 7,
      "true_negatives": 901,
      "precision": 0.967391304347826,
      "recall": 0.9270833333333334,
      "f1_score": 0.9468085106382979
    },
    {
      "class": "8",
      "class_index": 8,
      "true_positives": 105,
      "false_positives": 7,
      "false_negatives": 3,
      "true_negatives": 885,
      "precision": 0.9375,
      "recall": 0.9722222222222222,
      "f1_score": 0.9545454545454546
    },
    {
      "class": "9",
      "class_index": 9,
      "true_positives": 91,
      "false_positives": 3,
      "false_negatives": 2,
      "true_negatives": 904,
      "precision": 0.9680851063829787,
      "recall": 0.978494623655914,
      "f1_score": 0.9732620320855615
    }
  ]
}