{
  "metadata": {
    "task_id": "task_038",
    "timestamp": "2026-07-07T12:06:48.828023",
    "num_predictions": 1000,
    "num_classes": 10,
    "class_names": [
      "0",
      "1",
      "2",
      "3",
      "4",
      "5",
      "6",
      "7",
      "8",
      "9"
    ]
  },
  "confusion_matrix": [
    [
      104,
      6,
      0,
      0,
      0,
      0,
      0,
      0,
      0,
      0
    ],
    [
      0,
      108,
      4,
      0,
      0,
      0,
      0,
      0,
      0,
      0
    ],
    [
      0,
      0,
      89,
      8,
      0,
      0,
      0,
      0,
      0,
      0
    ],
    [
      0,
      0,
      0,
      103,
      3,
      0,
      0,
      0,
      0,
      0
    ],
    [
      0,
      0,
      0,
      0,
      90,
      3,
      0,
      0,
      0,
      0
    ],
    [
      0,
      0,
      0,
      0,
      0,
      93,
      3,
      0,
      0,
      0
    ],
    [
      0,
      0,
      0,
      0,
      0,
      0,
      80,
      7,
      0,
      0
    ],
    [
      0,
      0,
      0,
      0,
      0,
      0,
      0,
      93,
      3,
      0
    ],
    [
      0,
      0,
      0,
      0,
      0,
      0,
      0,
      0,
      96,
      5
    ],
    [
      8,
      0,
      0,
      0,
      0,
      0,
      0,
      0,
      0,
      94
    ]
  ],
  "classification_metrics": {
    "accuracy": 0.95,
    "per_class_metrics": {
      "0": {
        "precision": 0.9285714285714286,
        "recall": 0.9454545454545454,
        "f1-score": 0.9369369369369369,
        "support": 110.0
      },
      "1": {
        "precision": 0.9473684210526315,
        "recall": 0.9642857142857143,
        "f1-score": 0.9557522123893806,
        "support": 112.0
      },
      "2": {
        "precision": 0.956989247311828,
        "recall": 0.9175257731958762,
        "f1-score": 0.9368421052631579,
        "support": 97.0
      },
      "3": {
        "precision": 0.9279279279279279,
        "recall": 0.9716981132075472,
        "f1-score": 0.9493087557603687,
        "support": 106.0
      },
      "4": {
        "precision": 0.967741935483871,
        "recall": 0.967741935483871,
        "f1-score": 0.967741935483871,
        "support": 93.0
      },
      "5": {
        "precision": 0.96875,
        "recall": 0.96875,
        "f1-score": 0.96875,
        "support": 96.0
      },
      "6": {
        "precision": 0.963855421686747,
        "recall": 0.9195402298850575,
        "f1-score": 0.9411764705882353,
        "support": 87.0
      },
      "7": {
        "precision": 0.93,
        "recall": 0.96875,
        "f1-score": 0.9489795918367347,
        "support": 96.0
      },
      "8": {
        "precision": 0.9696969696969697,
        "recall": 0.9504950495049505,
        "f1-score": 0.96,
        "support": 101.0
      },
      "9": {
        "precision": 0.9494949494949495,
        "recall": 0.9215686274509803,
        "f1-score": 0.9353233830845771,
        "support": 102.0
      },
      "accuracy": 0.95,
      "macro avg": {
        "precision": 0.9510396301226353,
        "recall": 0.9495809988468544,
        "f1-score": 0.9500811391343265,
        "support": 1000.0
      },
      "weighted avg": {
        "precision": 0.9503597381249855,
        "recall": 0.95,
        "f1-score": 0.949955102003929,
        "support": 1000.0
      }
    },
    "num_predictions": 1000
  },
  "privacy_validation": {
    "timestamp": "2026-07-07T12:06:48.828023",
    "task_id": "task_038",
    "privacy_mechanisms": {
      "ndd_fe_encrypted": true,
      "gradient_compression_active": true,
      "aggregator_key_secured": true,
      "data_leakage_risk": "MEDIUM"
    },
    "privacy_metrics": {
      "gradients_encrypted": true,
      "encryption_algorithm": "NDD-FE",
      "gradient_compression_ratio": 0.15,
      "bandwidth_reduction": 85,
      "key_derivation_method": "deterministic_hash"
    }
  },
  "per_class_analysis": [
    {
      "class": "0",
      "class_index": 0,
      "true_positives": 104,
      "false_positives": 8,
      "false_negatives": 6,
      "true_negatives": 882,
      "precision": 0.9285714285714286,
      "recall": 0.9454545454545454,
      "f1_score": 0.9369369369369369
    },
    {
      "class": "1",
      "class_index": 1,
      "true_positives": 108,
      "false_positives": 6,
      "false_negatives": 4,
      "true_negatives": 882,
      "precision": 0.9473684210526315,
      "recall": 0.9642857142857143,
      "f1_score": 0.9557522123893806
    },
    {
      "class": "2",
      "class_index": 2,
      "true_positives": 89,
      "false_positives": 4,
      "false_negatives": 8,
      "true_negatives": 899,
      "precision": 0.956989247311828,
      "recall": 0.9175257731958762,
      "f1_score": 0.9368421052631579
    },
    {
      "class": "3",
      "class_index": 3,
      "true_positives": 103,
      "false_positives": 8,
      "false_negatives": 3,
      "true_negatives": 886,
      "precision": 0.9279279279279279,
      "recall": 0.9716981132075472,
      "f1_score": 0.9493087557603687
    },
    {
      "class": "4",
      "class_index": 4,
      "true_positives": 90,
      "false_positives": 3,
      "false_negatives": 3,
      "true_negatives": 904,
      "precision": 0.967741935483871,
      "recall": 0.967741935483871,
      "f1_score": 0.967741935483871
    },
    {
      "class": "5",
      "class_index": 5,
      "true_positives": 93,
      "false_positives": 3,
      "false_negatives": 3,
      "true_negatives": 901,
      "precision": 0.96875,
      "recall": 0.96875,
      "f1_score": 0.96875
    },
    {
      "class": "6",
      "class_index": 6,
      "true_positives": 80,
      "false_positives": 3,
      "false_negatives": 7,
      "true_negatives": 910,
      "precision": 0.963855421686747,
      "recall": 0.9195402298850575,
      "f1_score": 0.9411764705882353
    },
    {
      "class": "7",
      "class_index": 7,
      "true_positives": 93,
      "false_positives": 7,
      "false_negatives": 3,
      "true_negatives": 897,
      "precision": 0.93,
      "recall": 0.96875,
      "f1_score": 0.9489795918367347
    },
    {
      "class": "8",
      "class_index": 8,
      "true_positives": 96,
      "false_positives": 3,
      "false_negatives": 5,
      "true_negatives": 896,
      "precision": 0.9696969696969697,
      "recall": 0.9504950495049505,
      "f1_score": 0.96
    },
    {
      "class": "9",
      "class_index": 9,
      "true_positives": 94,
      "false_positives": 5,
      "false_negatives": 8,
      "true_negatives": 893,
      "precision": 0.9494949494949495,
      "recall": 0.9215686274509803,
      "f1_score": 0.9353233830845771
    }
  ]
}