{
  "model_path": "C:\\repos\\healchain\\fl_client\\models\\task_iid_5c_clean_0_initial.h5",
  "dataset_path": "C:\\Users\\Lenovo\\Documents\\Sem7_Proj_IEEE_papers\\ESB_FL\\Healchain_Dataset\\chest_xray\\val",
  "samples_used": 16,
  "input_mode": "image",
  "input_shape": [
    null,
    224,
    224,
    3
  ],
  "threshold": 0.5,
  "accuracy": 0.5,
  "labels": [
    0,
    0,
    0,
    0,
    0,
    0,
    0,
    0,
    1,
    1,
    1,
    1,
    1,
    1,
    1,
    1
  ],
  "predictions": [
    0,
    0,
    0,
    0,
    0,
    0,
    0,
    0,
    0,
    0,
    0,
    0,
    0,
    0,
    0,
    0
  ],
  "positive_scores": [
    0.47840404510498047,
    0.4866938591003418,
    0.47760069370269775,
    0.4874194860458374,
    0.4775645434856415,
    0.4747124910354614,
    0.48662930727005005,
    0.47862255573272705,
    0.49142035841941833,
    0.4945025146007538,
    0.4764329791069031,
    0.47919970750808716,
    0.4755009710788727,
    0.4800941050052643,
    0.4827728867530823,
    0.4859045445919037
  ],
  "tp": 0,
  "tn": 8,
  "fp": 0,
  "fn": 8,
  "precision": null,
  "recall": 0.0,
  "sensitivity": 0.0,
  "specificity": 1.0,
  "f1_score": null,
  "confusion_matrix": [
    [
      8,
      0
    ],
    [
      8,
      0
    ]
  ]
}